,COL17A1,NTSR1,DHRS9,MSLN,GPRC5A,LAMC2,S100A2,GJB2,HMGA2,AREG,AHNAK2,KLHL32,CLIC3,WNT10A,IL20RB,CDA,MUC4,POSTN,SEMA7A,SLC2A1,FN1,INHBA,ori_class
7240d5da-b54e-436b-8069-f2c9f516b75e,6.615788461232231,8.80162881406147,10.852250465073979,8.898078975458082,10.309929284362584,14.986361952522113,13.29556045200429,8.020535333554546,7.93953247983484,14.222849389291977,11.317203350727567,15.0105526114979,13.52402674029768,12.955356550087732,12.748334704477248,17.42019092931643,9.972698446855452,18.54715396591621,14.32163936053578,20.01214814184583,19.25386543547779,13.484708525050511,L
17142718-742e-464a-8e0f-a6b9ac8fad75,15.955354598516312,11.58194256973068,15.343057603545605,16.79236132659652,19.127912863638585,19.37178506882086,17.548700998062852,17.688798121174486,11.42510296994719,19.603101853257456,14.857896412071648,12.3453069231126,17.42200926028535,14.520553215224435,14.278104998497168,16.35568737597131,13.612646279277117,18.994105182533847,17.18635548622864,18.080909324704123,19.95626919222035,17.0493674350391,COL
cd9dc5c5-1161-43ea-a617-1356a3b23e16,17.755037692685395,12.134443503094653,17.75905653700724,21.758231030127984,21.799729919128005,22.389995461051573,20.97826608635136,19.90162149416813,12.601128934801837,20.06082912375128,18.717806184340514,10.868587717564871,20.979955061417687,18.24684437683532,14.46142147463143,19.446566876083832,17.001048503563762,21.48483836424786,18.804284104034984,21.424335861533745,23.254552688267783,18.98276033149813,HA
0944ce65-a89a-4916-b90a-f674b334281e,18.194600816773967,11.307787481594298,16.32710501268399,20.51101866143906,19.14858528848817,22.80420942879947,22.20786269718365,21.97280086165794,15.409336521275709,18.855540462756633,18.986533504440665,9.591898775424786,19.400828787754932,17.19512179969975,14.34090812382582,17.012263499837243,12.787523309871935,23.971999939531162,18.72703505113649,22.040812029754676,25.31114653898154,21.841688998332746,D
514d12b0-6f60-406e-bde9-a090e918ebff,20.574911723313903,17.211642513398168,18.401944564309094,20.72811193148166,21.096205905795266,21.01498617560011,17.339443335794524,18.629707879687256,15.478172779160545,17.801197587590895,18.29707568824547,12.055337461579608,17.85924939914588,15.758751988375922,15.33744007078409,19.6482963742109,15.368292511815811,19.93392713373739,18.975655726105124,19.96720516432808,21.19442767045378,17.190100929198174,HA
56a1b8ff-a71c-4e5f-9c3c-d8162ff896aa,21.07849740240322,17.965528051324096,21.053702081928954,23.028295568792192,20.094474926875357,21.919764898510994,21.544263456376378,17.593087366728007,16.665563509443412,19.066387826817664,19.353356593312185,11.419564346598271,20.630486842747665,14.436215617288369,16.450768106775218,20.827724455654877,17.931644992321228,20.021958014796414,17.719914240265542,22.03111785761147,21.31396767000561,17.12833287772174,L
6983fc34-9577-45e1-b246-40e18fab953f,14.40911101120726,11.060029545817727,13.853566057318284,14.114900603458786,17.186185386471987,17.893669380227102,16.86535861115351,19.218248138607397,9.060429687843397,16.887737316963754,15.432632646454811,11.68399084253125,16.61845173694273,13.062770528728587,13.399746629176521,16.459132541406333,12.010634205851884,22.29429507409014,17.77166016483688,17.445652351397605,23.364261916137398,19.17122069700996,COL
65e5bf5f-f22a-4ec2-8839-aeda37212b98,17.894269534023884,11.007456198841567,12.618545788653453,21.185019886009602,21.757623017499345,20.51145124035188,14.455790970347806,19.702096149299837,10.090912080601335,17.52928071501492,19.19433900809427,12.441314612180433,18.97317238527532,13.471884774336578,15.729789303795467,16.47746696345067,9.313455411729375,21.13354477888326,19.451958802918924,18.84868354494858,23.15991140688376,19.504311900732162,COL
55cee1dd-15a0-4717-a281-63e08e2cfdf9,20.14347665960688,9.20843116964307,20.422702496664908,21.553550170763746,19.94441836095274,20.51188977508442,22.35900218206211,20.5546872301981,13.458339860938155,17.90167493393939,17.987583788657513,13.00231746780258,17.285178668462184,16.695782334184297,17.401657752289516,18.892761055052894,15.416805497016416,21.18618259702195,17.499270762155682,19.343543946050588,21.98162121686466,18.076277656355682,COL
cf825b86-7ec2-4e90-bcce-3b5637b90b70,8.856762121229012,6.872677472619681,9.633792506429213,10.139052635452154,8.87847760238599,12.51255487131315,8.30771542150688,9.26150899354959,5.010581138393764,13.189200669183343,8.047215091448255,14.945099270147498,11.042534375828282,10.644534573302218,11.556348957196487,14.332040993022334,8.126209265609287,18.973368667771847,11.848367502868214,17.36839764460128,17.917917646918,16.012793491978137,L
d211e0c1-7968-4343-8aae-27fab0039367,15.135297269201986,11.000270722513335,16.594771968275733,14.086073639713243,17.129887958510615,19.69846858606908,16.46158799620243,18.243176140613635,10.69456773680994,20.690876535729558,11.684280642481829,18.51357194088533,15.027523230284743,10.395158364752717,13.047140774855214,16.199990426287318,19.192863116775353,15.99710463816766,14.656682236293324,20.25296419368268,18.019852262257206,15.02826184639009,L
2be42cc2-9b97-4821-afc2-d1e42eb3932d,20.10982289792334,17.374872418135624,17.592153932731964,21.806282314191716,20.940090508827616,21.820787144506117,16.986136820510207,19.903989832878644,16.08152380263787,22.007170482355953,17.104312757925477,11.83734907620573,18.130417219740163,16.373810168090856,13.306314410754288,19.001013328507042,16.026105438269376,21.125410668199407,19.000548840274227,20.57401864155608,21.02728032708254,17.466611276485203,D
6788e0e5-b67f-4fe6-aabb-6d0430ae2d06,18.772870387231617,12.836164054612215,18.414061801827966,19.716822291842018,19.741693254699907,20.507599777263163,16.662523433803177,18.979624923457944,12.333148813693414,18.8860060928456,16.16661981689136,11.351600894549707,18.416346329754585,16.23973742471594,14.435157824374238,16.340808454321436,14.021917733170227,20.429335599684634,18.678102695976566,18.251861527622935,21.473717799437555,17.561652489469957,COL
620e0648-ec20-4a12-a6cb-5546fe829c77,12.802745648723121,9.20722628802863,14.758418252470026,11.82723840548292,19.67689133044057,19.439593083387365,16.117997667885792,18.353169976240274,12.30706191297068,15.848776818142078,14.959696205511596,13.120694201940449,13.424388906025044,13.716048982872353,13.042900866055044,15.432124554799703,11.367648676628962,20.059883835379793,16.60217428387844,17.333855852997637,22.688030414683798,17.9283037654412,COL
712c2f78-c736-42ce-b689-a954c5290987,21.887366867917166,18.78394293274882,19.8253630258548,20.789570217926116,22.092632600998527,22.927223869925417,23.273374088597606,21.421328357258442,17.526437905993507,21.161102199844944,19.07474167286492,10.38518965641866,19.701914308949235,18.15313862557449,17.25910843738212,19.790447488441444,18.32830456961072,18.878381627208256,18.06615413169007,21.34698684825832,22.480759764573396,17.90959144661616,HA
570f9947-1ce5-49c7-9619-49439df6c7a9,17.643508531096472,13.399218039256995,17.077870912876367,17.81481921087418,18.44716859424735,20.790544747935545,18.80151920173938,19.674241163133413,13.26294674159645,17.709762383338287,16.795355171991517,12.32273961783427,16.20967214216578,13.818558725217905,14.67195642289713,17.20544755630652,14.200237627550843,22.157419067062524,17.64217494816715,18.461251555810097,23.111516034564566,19.673994905347055,COL
10f0d40b-c4c4-441b-9cfb-bef5e44aa91e,18.897125094046256,17.2429298260246,17.046441948007313,24.10575867603971,21.714593165310465,21.865634061197035,17.617902829422693,19.601892042039886,12.569081446432016,19.382571565890746,17.770012105414708,11.407166779127651,21.61453511879453,16.666028837423895,18.017953473557963,19.660421517702936,15.833472214812641,20.59737681327503,20.675094885964747,22.569182532773752,21.50955418515625,17.409423328918734,HA
ede2e8a7-465e-4725-880d-519899aba0c0,20.814124711217783,15.35733013299096,18.816796635956585,22.86029603336962,22.18136009073681,21.87471318702028,18.334784887640126,20.944978143497135,14.821594139970694,17.367355275240335,18.319107312585167,9.78899861523863,19.35864857503298,18.519293039668558,15.365984496314072,19.044782180125043,17.06129775528407,17.711760391643637,19.1085840183883,21.923509924590466,18.955779399351233,15.659790557765675,L
b8e0f4fb-c916-43b8-afd2-8077a7e3aebc,19.30639753989384,14.408722628733805,20.820566002752845,20.215793093645104,20.979496145457272,20.284887121550756,16.523050460893884,19.12531918457824,13.833027955772064,16.49233348684893,17.32217411352064,9.238268059100248,17.768297260140674,12.681619746594004,13.467903248410405,18.29960069396366,14.823488462902693,18.744121378837495,16.951392325802694,18.56186148765668,20.65214620290943,16.752983684326736,L
c24c54ea-4095-460d-bb53-e3629a56cd62,19.83567253106379,13.227097017542038,15.814444983620579,21.07363049737248,21.159981612078266,20.34573705173372,18.57820498881579,18.470023246094026,10.510851549784805,17.767850373730898,16.786918797006507,12.97829350255493,17.33421816540783,13.950717932571893,14.391803560178465,18.996057830926958,14.931664508050485,18.75654727564986,17.909117729778593,20.325880721579985,18.96943410889389,15.480954208604166,L
6a0a280d-4a30-4071-afe7-de6b82a6e34c,21.331174810640515,16.061395988286733,18.093988223936506,21.491062611717705,21.00742278592251,21.153404882436345,22.754972083305745,18.908623538758967,16.77811741456052,19.250838497544866,17.595727164424336,12.129015462220627,19.470440555378644,17.038030722066072,19.873864879708645,19.648915860185152,17.141055595320253,20.246888270930565,16.732463288361032,21.868278953298415,21.471406955553213,17.80272705011958,L
f73dfd7f-e054-46ff-9485-e8d05afe2da6,21.318155734973264,17.18449722638882,18.744827482383943,19.047308834291726,20.55182980204506,20.604323291558647,17.523259264227267,20.463684988029392,14.935783229283725,17.711075751737596,18.32147227506986,10.71218261205403,16.64120646987847,16.153306198653514,13.346128894049397,20.130542200578216,16.463574387720406,22.304428914013346,18.2987287767075,20.401855197789605,23.086712636497,20.26782682323371,HA
e3a19e63-bae5-498b-9687-41194aa5728d,19.470307126135115,8.257003094049798,19.267231580578937,22.4270718472551,21.55548433512127,20.830762712681302,18.090784734879303,20.277011670687937,10.886759856161456,19.105159288935024,16.896698942541587,9.880964390768108,18.884651257519405,18.662185717017785,18.4860252234571,18.65653336494233,15.222488593201726,20.62691343822536,18.241121746374073,18.914318098757857,21.939683629927462,18.77518809033665,HA
09fd6d9e-c715-4d57-88f9-238dd74c79a7,17.475916576185327,12.71924242367656,13.757891433019312,21.080348428233215,20.22446569044206,21.855168285868277,18.741063308914466,20.28405815294292,11.540672424659746,17.775267450121824,17.951099023338188,12.26843595199248,18.83679381654501,16.560920973858337,13.826668624644721,18.09305449996989,15.929788291703728,21.64503314209581,18.74428599735933,19.89805112898177,23.357119348851104,19.25093053857107,D
c26002e7-abf1-42b9-bf36-0e97249d872f,20.83307923292859,16.961594392802656,21.569891965561936,21.636339307501434,21.916187929553022,21.043820205228897,20.93196696701706,20.64816528826205,15.25508319272972,20.215536912711283,16.923884842556895,10.175779057601355,19.684518101707024,17.54532189666322,17.175228720653706,20.698954587599225,17.619130745092573,19.656116736231926,18.266828137698543,21.23765672836247,22.87091879490097,19.20339801270418,HA
5c51fbfe-153c-4cd2-97bd-e444daa0b20f,18.77219284791086,19.58060999326221,8.329449682221005,24.377862495661024,19.789819441000134,19.878983238262382,17.495225693628317,19.132091851839984,13.032667801304756,14.685549036751649,8.59086917378995,9.77725844584334,20.826979790333436,15.61546975067756,14.544787882218136,14.37819541589446,12.787650726058631,12.740579104587288,14.772843369156032,17.946858061598817,15.705472562910197,13.078194780039018,L
2faea98a-edf7-4e92-bfb7-f91a36259872,21.38013552971809,16.459993964965523,21.438624277120073,20.622466235000378,21.300102688210167,21.47385156824651,20.28399248633737,19.971315299108092,13.768654684257546,19.61656125066429,18.213388806581005,10.587600773119378,18.090017742947783,16.104201442640292,17.034466678647355,19.954579402942862,18.056867159359996,21.15784895193838,19.71643067952605,21.82819495653576,22.230671589828386,18.979090650675193,HA
3cbf56e6-dccc-40fe-b06e-2621a2121e9d,22.411444121407108,15.050390014348196,17.29853799299244,22.52424099763549,20.66853057052027,21.99140360029267,17.425127452971672,19.426865084747675,17.39546502211578,20.80744282977954,18.48232650434295,9.478891217514729,19.57124036242807,17.47243998756998,19.89766066596696,20.614286386186258,14.600314810121008,22.114637218230815,19.442896087405174,21.433723322309486,23.100237865092716,18.32659954693008,D
4b37b026-1d41-4bad-8996-7cb1f0e569af,15.880049146131368,14.182801927937668,13.221450937280233,18.41880344173242,17.449585723972973,20.282451565045157,17.717594123979794,18.710130222258876,16.33335552520953,16.329823138764528,16.71168911934394,13.208625335185902,14.31546021319937,15.003886543390182,13.778135945569321,17.481392145272668,15.358300848863555,20.40037182850683,17.151919304271843,19.033767314644845,21.86310004931163,18.307642844122128,COL
77e49007-3e44-4157-beae-8f7e94234c78,18.784042359617867,13.284236508165492,16.643288006404795,21.892824890256517,21.595282795118532,22.624881677996566,20.275110559649253,20.52726915295789,10.669450227487298,20.991472700691624,18.777473073024424,10.77303822159764,19.088252198557036,17.02810014024371,14.602318669067415,19.02122197063098,14.526976244408992,22.509551272999072,18.691636459202304,21.091191837539185,23.797243148527322,19.346795623582402,D
c53328b4-0930-4e6a-a648-283b5565295e,20.240258715584933,17.67279214624379,14.636495061249768,22.23603592943436,21.408939088310106,22.859770614408802,17.461727299603915,19.29381733310753,10.06773147723019,20.508361633506087,16.30512783565342,11.656882601138998,20.745463216573633,16.7179867244724,14.264604153554936,15.828075573097873,15.318736379304962,20.88252286114984,18.128983297714555,20.075687879040174,21.868157065319412,17.12712963187117,HA
c6388925-c0a1-4610-a6b9-d9d9500d88c6,20.634670711622654,15.810669120324754,20.501194438022893,20.235217143844395,21.509956207595156,20.183831538802355,16.410023424100743,20.236799182677903,9.507345762841936,19.639902745705296,17.691903922634488,11.305347400096604,17.409238459712622,14.565353570386964,14.555028531603527,17.704178962956252,16.33072968295357,20.416739108656508,19.311911031144266,20.54682968690696,22.695669592267592,19.30649508756747,D
20094e3e-cee3-41dd-8553-1fc393117786,21.17162317852859,18.65425295693308,18.89811168221761,22.64793105431004,21.623509316895408,20.94735622573479,17.59406090362819,20.14066483820725,14.583807768298607,18.970731130017025,18.728324131186742,10.4166620372039,18.425264394370654,15.075519760447559,15.454567854751929,19.229344184395845,16.219659830828768,22.01609272819978,17.302888204475696,21.358012136747497,22.833923896914175,19.403787603935022,COL
a2fd0991-cfbd-4162-8ca9-2ed096f54a14,17.282048241745574,13.206756584283422,18.33429917315171,20.20530939137107,19.736118670108635,20.533623162310022,16.08693406424191,18.479507224436063,12.387473333597114,20.158745896539468,16.820677018327647,11.625603451095573,16.3306976524395,15.333967193861282,14.983537473256773,18.55223534595995,13.062528869427057,20.68162442600999,17.351405633325513,19.471448701688853,21.176748597637538,17.924683273595363,COL
a28cfa95-5a99-40f3-928e-7a94f2492d2c,21.823054595985838,14.368410312480554,19.86987451319346,21.677890826759725,21.52521997084573,22.33668136456042,20.318320304147967,20.241339600110802,12.390172383650366,17.958811766144645,17.944874025326747,12.229491316282076,19.050766519032237,17.434837392431213,17.05473625051634,17.737318881948163,13.883647450837131,19.791668917406316,18.42780738612114,20.30687594494306,20.603668272936968,17.23148377326552,HA
33833131-1482-42d5-9cf5-01cade540234,19.715510584175686,13.066541318933249,15.673743669293206,21.003994140282252,20.147947932261992,21.676358255397936,17.57074129233552,18.499766959225322,11.255071057778054,19.663628622853075,18.076858677562875,12.520577614207442,19.80234349669669,14.72811636460115,14.020860393458783,19.158173054841768,18.82099400906031,18.231008424522052,20.80077184894818,21.90976387163119,21.190256206381445,17.525911680112664,L
f91eb33d-76f0-418c-9962-11a5b31ca1dc,20.2654955898497,14.111713332818203,17.212248819269092,20.43661379001149,20.533893271432493,21.642634864252415,15.978573365282001,21.017328975550498,12.77824151516483,19.318622461139668,18.467793394875322,10.081550104310065,18.13297374402662,16.39624480872704,16.648601895771897,19.41429096340944,15.060480822746982,22.921051715914714,18.189239374668503,20.052157082496805,23.939483081259688,21.121597304498565,D
05d2adb3-5c6d-4edc-ba4c-bdbf628f4eee,16.32573628559052,12.01972354209039,15.055460956013524,17.662819272652374,19.319699716392847,20.535086186213306,16.10047802278013,18.858790751760687,12.110321493086918,16.997709726213174,15.51339423709459,12.352453541140695,16.873457972097455,13.681733461922343,13.597195622841241,16.787925157947477,15.006726308947986,19.432899108872128,18.06981403902473,19.246337390203532,22.010020068264314,18.901539393097643,COL
75119d1a-93e5-4ae7-9d60-69ee929a0772,21.312458775099717,12.357231636814753,17.101472852060127,22.997062129473335,22.107767841309734,21.106927465697705,16.775395767145522,19.95612092013869,13.118719097339945,18.82856914491435,18.30873013273967,10.670405396253042,20.969337709217207,17.24198279390682,15.277603379416243,18.10457592018664,14.140632789735704,19.70504202063111,17.32556364362399,20.36075896562339,21.245638032268626,17.32135533855532,HA
3559f697-8fec-4f36-962c-632272fe9c9c,18.988668589494168,17.623496557150037,14.970145548650715,20.605448307662744,21.286669863342635,21.06825664075603,15.528175663691211,18.332665291889462,13.849825548391893,17.235546592890167,18.64254549341181,11.115834698469435,18.10074891913252,16.980585385483835,15.938505689031514,18.416617807124737,13.452555134468925,19.616721061045904,16.893828186706386,20.0223236539983,23.00743579457392,18.915086379622217,D
b84b58c7-95b8-4162-8e61-414f8fe422c6,20.82144094622305,12.578301636788309,20.265964808096953,22.03799261775407,20.895965902077208,21.481659474724257,18.83742159414198,20.366908794412684,13.151344007900143,18.54871358172075,17.142349877821324,12.287992807531918,19.530053477066442,15.834437987986414,16.814514144397492,18.834042539880354,15.851934635837084,21.53207272546556,19.734509788954984,21.300694147451665,22.70013828684813,19.993718948361675,D
2e8f90f4-aed3-43b0-985c-dfdc2581f24f,19.17709687631391,16.296534184169037,14.99313645643094,21.4463363729471,21.494346693956107,20.835689283388717,16.631435461776793,21.09487209840938,12.753840070175391,18.0505774953942,17.843422903176503,9.498430714714328,18.021606244709297,16.60052282906636,15.205839158649445,19.194299196920948,16.704170593257746,22.244432599432248,17.97557291873493,19.116234693685026,23.176621301614095,19.770058827165418,COL
886d6116-d496-444f-9b7b-7449dad31055,19.025212167757665,12.01408663936243,15.74043625501607,20.484600389153066,20.611504520055092,21.951832520732033,17.39665716836194,19.00090734131272,12.717189551038732,17.128025895670568,16.839060596387558,12.742156339419287,17.123822550137994,16.21959691749168,14.783487997968374,18.4346576767746,16.003847769785487,20.323777056545506,17.33434433122491,19.259527573195573,21.64573867707214,17.68670535000623,HA
fe01a390-f45e-4352-a253-af8ef7ee9628,18.84099300091614,15.028504106728969,18.402672131022335,21.117420595438094,20.35147488258265,22.956767925846915,22.417163701573966,19.599304142507663,15.254219807765796,19.745629070356095,17.90722147909444,10.46461849400312,20.744817270505305,17.179329451978415,16.165874710959308,18.631295984843327,12.865018036314291,20.963339964750066,19.24114337668092,20.610432527275325,22.38643789642637,17.28283052140995,COL
4c9e6085-41c3-4cfe-ad3d-5f94196a86e0,16.826378135520343,7.990544445494541,17.10186202818942,18.505242543198186,18.29512315621781,19.728590681979142,14.90939817164899,16.958063141724914,11.094232395932485,18.10274075907384,16.206741215963035,12.875033292434287,14.314206684787909,13.770575477621096,12.193590089171947,15.22601195397452,12.925900278461153,20.76050107983126,16.785615266610108,18.132627662871165,22.1994593467034,18.510665017593983,COL
b2e29f26-29af-4e2d-84dd-c513b4a07c70,19.394901371808977,11.252868339103644,17.147186759236703,21.6917900693894,19.610238750622827,19.827733064588877,17.376406392824496,18.60142586305607,12.403596045237984,17.924184264466174,16.642973624930903,12.342493208171229,19.3675836881262,17.423274816276862,16.30975714727222,18.787519986818317,15.386712494292995,19.532898355741683,17.813520870080534,19.274630044456025,22.13677320310838,17.686315355222398,COL
a643d0b8-aa50-481c-9f12-f2e634d61d90,18.43985441042096,13.841673438878203,17.793436252723758,21.21874939777929,20.221290319433557,19.896222347086507,17.557482157895915,19.158776572892,11.922091609988549,18.39135239825442,17.098360099061942,12.009955251815269,18.55378839185167,16.072962158192798,14.233164171961342,17.255233269669425,15.040649068241411,20.539922741730326,17.92980297590932,19.677932977456198,20.98215792593611,18.475718719813834,L
dd5074b2-462d-4267-8b9b-5a4c54e5978c,12.906540882553594,10.90538272058359,13.361643172873427,10.779440460636348,16.298584782715494,16.03907473194128,11.702990748856125,13.946290938096846,8.69536308293828,16.976054522993287,14.491733937816589,14.706882202849645,14.87669394441245,13.853396776413092,13.781699283100671,17.661727978742984,8.351559591514908,19.63518352014256,14.874617728697604,17.759944705187966,19.945889843093955,16.099345171075193,L
3a3a8fe1-e35c-45d0-aa0b-4fefa9ee9183,15.486434448101816,8.204669250846802,15.946875822112784,18.832257153689387,17.870465273048165,19.305467886323356,18.219023137320377,16.680963613033647,10.734890339403574,20.241188405172647,15.32054797516385,12.887524236618113,16.725023401143705,15.016940619978497,13.888340735431887,16.971461296445483,12.545663885089052,19.412348423258297,17.826917991254373,18.030030191491274,21.638658578886567,17.918194595747586,COL
712335e1-f1e9-44b9-957c-497ea5e8fa2f,20.687556122265033,13.773621964519375,19.842583663370387,20.576242198426826,22.623519873183,21.407811438995893,16.96460861094575,19.71222328120477,13.531101886091,18.17831488149992,16.480583890052902,8.89614411607261,17.228636084458063,13.46235255134901,14.41003019712228,17.600430612796096,15.584247582548949,17.436844870564542,20.187525519030217,22.39709816594539,19.352199151088314,16.578671466455305,L
bd73ed94-5f4f-4eb3-8b9b-391af4422d0e,21.57341417187355,17.017531956558596,21.511024226283208,22.328342677051523,20.311291685697586,19.627206112017472,15.868974240491927,17.876405776136107,13.17310427042697,17.84660656346942,16.99641289270215,10.335431563851735,20.002342571309747,13.901639999128385,14.423710903909285,19.245082310884634,19.10122421329207,17.817652801274512,17.654962942578145,20.209079570440874,19.41489148990963,16.266048319053944,L
40fc7973-91c4-4fa8-a105-7fc3d6f3817c,18.237733510230825,13.383639391888096,12.429395287730546,21.034394158082186,21.725436317139856,21.339464649723762,17.453241927706564,21.069396558491714,15.255834517538387,16.300934038497708,17.307115246557235,11.98967878061301,16.822455534902048,14.400608990414558,14.263513773830796,18.424398797999824,18.284940493923386,21.014566616339742,18.931620275557343,20.934565826214804,22.73197668245487,19.388881192587252,COL
31c23e65-1f18-4f59-8a54-31febedef8a2,20.92576214599549,14.791450466012222,20.34003964706418,22.271774966798983,20.48297889084558,22.192577887128746,16.655656243022477,18.582482767459922,16.051805115251362,17.591357420119046,17.99967121109624,12.36532653129335,20.03547833765353,14.574622879923107,16.81795140754346,18.83501896806864,14.0525356534378,21.30843012171015,16.930740651803564,19.806988597762896,22.11998141154573,18.16198274258543,L
638b1a6a-c222-414c-96bc-f259f0afb278,21.36979146191311,17.955853255735526,17.376016499024058,21.724142746642155,21.43711992415311,21.467283215507805,19.72152728564279,21.262853440731334,13.458113620367834,18.551802364085326,18.542398830109338,11.203497608369966,20.970383176479572,17.905161291449396,14.361611500292135,19.319070150207246,18.161215007430606,20.30292900641324,19.139193994838802,20.15556889669027,22.32195303599205,17.91327010267463,COL
67e9abc1-4b6f-4054-bdc4-29906c55c682,19.06955795979519,18.314500740018367,14.440637735406312,21.76121239475432,20.75874159150753,20.323732822663274,17.199417937397595,21.098327336255625,13.287280390617433,19.09426761569515,17.639501756269397,9.276683938964752,18.640202802973427,15.872038719902722,14.714905750085657,17.873371436015624,16.982535601814657,22.47840163195432,18.89426209394215,19.84354526914318,23.672270858597805,19.69852051187599,D
597a5a56-244b-4218-a55d-5d08217ea28c,21.723620746704576,12.841186643811277,21.367173268361764,21.34109272129352,21.074034404355167,21.585418857539544,17.235582608207476,19.964727784970695,13.122048263429393,19.92613134519773,17.95849939395032,11.032188533250665,18.401833500057066,17.990714391305712,17.741514180183138,20.399284117806868,16.588351539577953,21.920781262393124,17.555344293396704,20.07129232872465,23.15425148011085,18.81801487785252,D
5898434d-cfa3-4515-a0c0-810d7e515120,10.066822376975892,8.419772715641114,9.917853343620402,13.624747333811545,7.4255728454090795,13.587279439990661,11.942273505781207,10.393566737293215,4.557676381416172,10.104027696709569,10.916238429356675,15.748790358567172,13.174592119573445,11.686394508072697,11.36647860605399,15.215419623910048,8.336269521355835,12.696714550487663,14.676233516020726,17.742234411273717,16.697488807043143,11.739529963892311,L
178e68c0-4cb8-4042-a942-5a159ec1e12b,20.327847021425267,19.10318746264657,14.279831907450285,21.66528776541441,20.984432916666158,20.920648086935227,16.046454312140735,17.858186467683666,10.308220233158513,20.04307797563599,18.57975143227988,12.465655116639379,19.947339365280516,16.175454405546205,14.518639441320381,16.50414920570934,11.120171970046723,20.96278303922219,18.259748763688535,20.4758854462487,22.339490427721987,19.40387158221501,D
d8aa891c-8050-471e-ad3e-32b9c5e9db03,20.987076592784963,18.637798155702114,20.0821300192956,22.34993414220122,22.422632505135194,21.823603678983954,17.999231131857268,19.689702593402387,13.354042777589685,19.46222573245572,19.240604888113914,7.6330860883481995,20.466809485378462,16.10863659823065,13.67464892950655,18.307061964710247,16.21065871560418,20.678834821034926,20.61596345094609,20.870526497468315,22.50300590138036,19.13777825451636,HA
1c2341f3-558b-4555-90ff-c7a23ef85c0b,9.544609199528665,9.145487051636826,10.128994506785501,15.513400240936642,12.195681300764768,17.05579631018155,13.039956619164181,17.607567554603083,8.283390717414402,15.552208057173736,14.19038939005022,15.298228013681367,14.037809979317847,13.832951965028835,12.009730781860117,15.064282190682157,10.135984438797948,19.516453773568088,14.547441836591098,18.174561307178756,21.916010200147504,17.825766851284136,L
5965cd7b-f384-4473-826a-8381e362d10e,20.622631128526987,13.717501789994056,19.267959122302756,22.436364734670178,20.798536233439602,20.592906214962966,17.985786194079147,19.986793504549283,12.659854646654477,17.5811332478509,17.456881264922153,9.191715967208308,20.425512096188164,18.15746755266764,17.78747905531626,19.421152086266797,14.609189022878072,21.17480668246693,17.347575721924354,20.00001808457784,21.613955096770383,18.083724395643465,L
13cf4e4c-8d5f-4854-a350-428fdf1ff340,12.721931040319838,8.000880797540136,11.700595286687424,10.004221554548133,12.328609022194994,14.796036421711673,10.435918746433973,12.197067240531545,7.138784463311752,13.17056260577685,14.63485003500783,15.586774053422328,13.433772106588352,11.898268780305356,10.777661686512259,14.138316223062477,10.476805011870589,21.292401097309313,13.334122832404963,15.671957703489099,20.072482314551547,11.871330644429452,L
ec9ac713-08e9-4559-b606-5f58d2c4df50,19.41417241152436,9.38091989053964,17.9969033076143,19.155750117045194,20.813246868758227,20.96681108297273,18.521590226792952,18.683638117283447,12.893862987662196,17.895531619025498,16.36152373545888,13.326809282143872,17.240075954288315,14.421265827149359,14.801556969286128,17.495635239560084,14.16843025553548,19.870820088115554,16.722932135037894,19.03323288049161,21.859153501628715,18.635738407092088,COL
2c636fb4-c341-4c55-b920-27bc2d40c815,20.12717849326458,11.745062770682525,14.629034552279784,21.244205268453634,19.225920754236963,22.387436182182658,17.861924759549645,18.535342726145537,14.025924390303366,17.137137000252697,16.620409982038936,11.199099065956148,19.63956994562696,18.27213117445719,18.06822369805844,19.8436584543387,17.178945791310483,21.019598107826102,19.933127588504522,21.59011719489869,21.480780943691762,18.942978896001826,D
ecdd0e44-0add-4a08-a3f8-ab2f51df7afd,21.41939522757546,16.480106285540824,19.898099002199245,20.498159394063126,20.611164887845533,21.291406811508676,16.51921555810155,19.349202928529007,12.64657910351506,18.490898614750684,17.960614425358536,10.19717698664683,18.010608391212664,12.608107196449936,15.689846581792226,19.110676633367905,15.57225374879488,20.808211372971126,18.911945350443105,21.804233530788796,21.830114487889713,18.174305492740597,HA
3f9cc59e-9f7d-40d1-9365-28b40dff3c59,17.405253388192428,16.46495271088508,16.007738111293175,21.308130312864577,20.28246031244947,20.007968570324337,14.599866935204982,18.53754084188675,10.887695152816317,17.0338932059104,18.78054019426619,10.466862188140551,17.51100866216975,15.070209759837208,13.49415089831308,18.22192230351812,15.16012735973968,21.21801521068277,16.423452979840192,18.944530330558344,21.84337885431316,18.196546401653574,COL
5aa57fff-4515-4076-8798-55015bb4f156,20.587749088409605,11.9767386459702,15.703539315259874,23.161238032294587,21.066699825487728,20.550005056011546,18.173498288110473,19.829199330081906,12.570707079284304,17.99324252760505,17.387474485665628,11.122652645880176,18.948656171571088,16.42372208700057,15.068030158266987,18.75506784741056,17.480953508067287,21.506506001691427,17.128505904651913,20.329706483975492,22.74435501855408,18.807521796580826,D
21814c02-6aa5-4b98-8fd8-41ca0b04ccd2,22.032202940932766,17.411360021263192,14.216137112384565,21.835961534013542,20.34704021417907,23.169851197807557,17.386966351519856,21.069251327952408,18.33097354700862,18.433994533084046,19.92220827012619,9.152983956735227,19.7782576743483,18.018867680052377,21.15321330196926,21.129778096593892,16.43504094792763,22.34809870283273,18.741085716906188,21.572187663743282,24.892197782979846,18.959775943061015,D
8475c44d-e091-4c65-b1b4-9a77ae3c0e1d,21.62221048387575,18.753950627225482,19.477302840554593,22.397934882765483,20.780228626189,20.742309755915777,18.07429309539565,19.843482492269953,12.823808905579371,17.991386265581962,18.36008584113533,12.402975940910585,16.818563525062352,16.011386874674283,17.148931965331407,18.50141257043567,16.515629323889115,19.9055918809941,16.88023555652718,19.32305062496716,21.491851587377262,17.773260321796865,L
88eaebfc-d740-4cdc-88f5-df5e08633e2d,12.968279955855289,11.142893053260494,14.753673813990861,20.142000961142593,17.862938700694162,19.42512695860305,15.16289350287253,18.219391858451676,11.088151641094894,16.4939046262136,15.325298915424263,15.008440336549176,15.590734703772233,13.83035796665369,12.919673942235816,15.803890434837582,13.473240443308368,19.582528320319923,17.296002621500257,18.928744622422077,22.131239777154658,18.018535569373157,COL
f0a4944c-d6cf-4163-a1ab-189803464b03,22.090520359171883,15.302116618550096,16.828172819187607,22.860732959185366,21.531007108111407,22.259854668553718,17.39106442187871,19.88899529914555,14.274502384405787,19.045668783304208,18.8033162819165,7.18124407777237,20.80515702652865,16.928376513433697,15.831915506977053,19.445843789939225,18.16492618250649,22.492927031371046,18.93851319468208,21.168347970788464,23.532938468954264,18.85068687347177,D
a53c919a-4e08-46f1-af3f-30b16b597c33,20.31579007738884,17.916667929498054,18.185704990502845,22.151673979463308,20.51585064370037,21.35346541540127,16.61113804753616,20.091974144381442,14.214468090878418,18.701209917031278,18.073953564445247,11.182677416953206,18.032021697729544,16.6831730115478,15.397665830299307,19.087297474327226,14.731111150505303,20.017989100314104,20.22575313967077,21.594252626409645,21.6931583274762,18.46873693531771,HA
396ff766-a383-4f42-bce3-f2f32b7f1151,19.972959787248985,16.202379423450335,14.424661127270562,22.346002723768954,20.55245943555441,20.193047146423535,17.665782263597553,18.652394460835502,12.530321671353654,18.596896289402927,17.204222482573016,12.034526649005105,21.557931160040347,16.558409674809592,16.772308741986322,20.915633937204348,13.170834478695307,19.904272442781206,18.15046351268057,20.456520329886892,21.495059351121625,17.703144673256585,L
31e66b80-c684-4ee8-82ae-36d00f36bc88,21.376276173583467,13.965572899673772,19.94842799439644,20.91614183863091,21.513939657692646,22.16219224224015,17.635988911490102,20.656103190484977,12.994452671692406,17.973945748432634,17.479103532854385,10.401230665629743,19.432305362533384,16.52496441892161,15.623448383376108,18.625776064303253,16.70946900932407,20.05538984792736,19.210655966434494,19.778119691306024,20.936661566685423,17.86728873153773,HA
16b38977-aea1-4c75-89ec-4fb551f652dd,19.124127556111443,16.851310092718855,14.71596998359016,22.28090342613273,19.690780928228907,20.688110745588627,16.978101058883794,19.22654979566828,9.468267750641607,17.905389996181437,18.911106709114062,11.738596690525364,19.630190839142518,15.347845913122393,14.014035569446989,17.822416223977708,16.705141575740427,19.613603943615193,17.811204034061486,20.37694484176687,20.853625854828067,17.83762443067757,L
70c2c861-01de-47bc-abfd-b7d14d68e1a1,14.817105166926941,12.635939185508656,16.588653487113543,19.707576891443416,18.488537834340168,19.870359738900415,14.425159428290113,18.128134544211285,11.420205896669936,16.32270102218661,15.227551455482464,14.110218700688483,14.521020992250719,15.560255495683641,14.374584945592993,16.28982833382004,15.299796350430682,20.525141196801595,15.519355913996828,17.499449420959408,20.899422833875917,17.365600726446047,L
7a1d9862-910b-403e-9eab-697dc65618c7,16.482756827153576,13.10843807026009,14.02483132954993,19.323711355228422,19.817748572131922,22.212616492319786,15.865404114039071,19.58890532122199,11.895434574178575,18.128976439195146,16.809955005705657,12.009933342508226,15.706388625578152,14.781610896084576,14.245966303009203,17.20429439203406,11.212393507204393,22.009427613805386,18.497756029537392,20.273297507775318,22.893114150391725,19.22535447346782,D
31aca8a3-7107-4b9d-8b6a-c07caa2a9339,21.971068735759115,16.695736351490737,17.85276259020175,20.787634062181112,21.874043471670873,21.988675579972263,17.622365302963882,21.56250316918224,16.60402261135956,18.315408257843515,18.309866915178254,9.952064488813212,19.80866375253354,17.9595233144251,16.60870981906635,20.971151712899935,17.405479859647766,22.915980390955877,19.794593969829712,20.77461743713141,24.93906060870884,20.014995211667895,D
2048d0f9-ed9f-46df-bcd4-3dfd9137670f,17.18568495205852,11.738011059333228,13.587935360103069,20.945037742951886,18.266252605266757,18.88588897693853,16.93554969450066,21.565172400803885,13.455140856279552,17.587603772352697,17.09728236512293,9.969654933277472,17.73278125599061,16.850411933068617,14.272221645030802,17.602070134797305,14.699011549248068,23.301041947170173,18.199434579538355,19.07675953342605,24.438263607086252,19.732146504465636,COL
556baca9-03d6-48a3-9216-4fc441e99f90,19.272471053270685,17.315756032056562,17.23472904484663,21.026752759816148,20.438622278827165,21.1852558381136,20.76384612968811,20.402814705675347,14.975326652829692,17.071627356454044,17.824859811789036,11.77777038476008,19.080438137763412,17.14612858296601,17.358826974047833,19.148493733354933,15.607590419331661,21.56864014241639,17.449569608714427,18.875030433910712,22.871611017244184,18.10672109512213,COL
8d9bd437-8b4b-4da5-87ba-6b5790f05022,21.37407392826344,14.233159030181229,16.993379923872137,21.925840522153372,21.495645763155174,19.887589629365383,16.832748808420934,18.909545602183712,15.009545713639215,17.989589958620055,18.53259051302748,7.200695463619521,19.876518003630697,15.906664050061877,16.75225874782477,20.18825574944062,15.642844404034381,19.19379314565489,15.73915748628807,20.603859022431504,22.167644395955726,19.460426150474923,HA
b0cb81ad-3c20-4d56-ab7d-f64c0caee1ce,20.005164661852096,11.33507981380044,17.90967067423071,22.222634708149165,21.941556160382795,22.290547907440008,21.33072355027548,20.3092316023614,15.26368105767855,19.403779373874162,18.71948850661696,9.888651782624343,19.325480410826195,16.078555113110955,14.30450578071744,18.212054777148783,16.944906360752814,22.023205746127214,19.321997099474462,22.462026419759624,22.591266409222417,18.544400702390448,HA
d1e0f479-77dd-42cd-89cb-c1eeac60c10a,21.231099567096653,9.565630077369757,19.573617637348452,19.456902212098058,21.46289749517009,22.375150538052246,23.628581837279654,19.775349676015797,17.381546943650356,18.628396681692994,17.80751241795066,14.445931127350025,17.45795300505327,12.816655014751463,21.11760969524004,19.944651489459734,17.62185773097776,23.178066482604653,17.740174366221538,20.30579129525198,24.847666227093505,20.457166670127545,D
ca2da39a-263c-4238-9826-de7d52e63d0f,17.553492942525626,9.000058983195023,16.17846396801933,16.88702055648664,20.34810049264113,21.044823583755925,14.841089291763998,19.203953521322497,12.940155865914182,17.311920802390624,16.387554964755083,12.90695424318401,15.901099127979707,15.521937830869001,12.776839872169479,15.746303651392855,16.070361124989432,21.358681306699804,17.884441851689342,18.80614699354671,22.497654578108495,19.576911866601076,COL
503d7e36-df78-428d-9971-09ff707645c2,21.126497662364212,14.152427269670008,16.922904406685227,22.52274586239673,22.1563109282811,22.010498320474206,21.097487577374302,21.98091655463987,13.661018342248596,19.389735503499914,18.97882383235537,7.191426065667026,20.26068759655168,18.495519887957997,17.679077586039305,18.24696473674788,15.441216387443975,22.55963076109465,19.26798836313363,20.90540610898464,23.40343183667893,20.150276266300903,D
ce2bfd9e-6382-47bb-9fd1-b77afe57e948,18.79553121750767,12.965506248633535,18.689146577027802,21.295317978719385,20.561979788797778,20.588640383492475,16.97808922668136,19.79174308187362,13.017680040382963,17.04017494201171,17.72241458889251,11.441568850235548,18.58385753823218,15.87761573710716,14.077471329199009,17.32374784460169,16.213478516282066,20.74513119732518,17.921643481462205,19.277180354277647,22.07089993452687,18.49712279696216,L
81b6b844-d760-4146-9b01-1c4b2596eb77,21.67936970376417,15.841466228957337,19.59709224521537,23.331863424783855,22.351222892730124,20.937230618807412,18.530378584396882,19.0132724661226,15.16423268641176,17.2074408921521,18.28055928174588,10.062111103946421,20.0366659802808,15.841065823222424,15.508238113152176,19.61646201178671,17.25474164704325,18.45940653489445,18.125138071100054,20.947826579499267,21.592316976569997,18.02962370441853,L
9d5c5303-550f-454f-8fd4-8abcdd311215,18.344576369037146,15.103956347497181,18.694094469475168,21.221188071028884,20.781893135882914,20.64287712885805,16.55155775785037,18.169632470156117,13.776897288664347,16.936002170723306,17.667000834897713,13.113207800097072,17.45166132672131,17.494162950454967,13.266027392354816,19.427581828820745,16.52694572088567,19.970955088879677,18.405355012103872,19.235714707874642,21.45992327174596,17.941352191187907,L
5dbb4642-6636-4d67-9e73-25c7312aec44,21.03151464444192,19.27871200024037,20.673491407148358,23.380241057539767,19.994560344515985,20.521556047655164,20.855098168078165,19.78807427415802,12.543100017859642,18.784201979409975,18.708058067890057,8.017930393379114,19.889581172871466,15.826632456049163,14.626077205937682,19.774578505653853,18.543833293563686,21.22073409647658,17.679135480754866,21.02504793467633,22.536021451935106,18.93316758655671,HA
cfda26b9-d417-425c-9a72-fa76ca4b296c,16.480154968505417,13.010994044306132,16.402159468371106,20.307717298017817,19.255393885364672,20.0714427307147,15.750185386358208,18.449266673119475,11.909227297313693,15.486531540934072,15.095951070227862,13.45765080921411,17.66206552340497,13.878634683682067,13.845490431141513,16.275186612113846,14.136315855022508,19.996776249579792,16.71848796360729,17.19403290963412,21.065735280675423,17.446643137097105,L
1b31d2e9-5b05-4fff-88d6-3a95bf8f8d43,18.92692071678285,17.978924658066436,19.42996430837429,20.02545093872955,20.04309904372232,19.779221311338084,16.649496693291187,19.61834760387442,11.299510527908888,17.172090075527493,17.449217965898466,12.992497462800706,15.33576390278001,14.051799343496855,14.959761401899607,17.5044161250995,15.564177951572601,20.919276814886185,16.881779336669844,18.846158123159412,22.273197151439113,17.94808354150501,COL
f96ab3fe-bb11-4585-a35e-52d400e55ab7,22.035710810665037,13.227224927024235,20.575484376988015,22.132144299773405,21.12071434603634,21.869532393741128,17.442949847511482,19.023560274552082,12.874142240288577,19.20577075268746,18.67974729315306,9.788176426214429,19.524461136713526,13.184985527770735,14.288459205469417,18.32955655158924,16.789368011805063,20.911275434625885,18.497771305915126,20.021789154351342,21.230904934963238,16.973695176972715,HA
f5558dc7-5bef-426f-a6bf-b704fd5dbda0,21.66541521929204,13.928855602587332,14.750165418323391,22.20120700103804,21.599644279390525,23.634243859893488,23.502983241465202,19.590705617930094,14.16122395237143,19.77989850340342,19.10698193268571,11.613011681224355,22.10857689472125,19.622710191270887,19.813689248143877,21.75983038722304,14.767349896302356,20.025680707789135,18.7785216059782,22.511237660368383,21.289006056704412,15.895332337255162,L
58c1c391-5ea3-4432-bb1e-e7e1974954bc,21.1576912117559,19.210373269658106,17.605301538709586,23.419331459494533,21.137154610732825,21.329090905902486,16.653336155056255,20.068823851236054,11.969620818713993,18.03534629309818,18.633423832609324,10.60768154309717,19.79251981850306,17.395230489319438,14.44980029588802,19.134059505131876,16.34053984778536,21.319995725179627,17.698178113431435,20.307247340700812,22.911959057154984,19.469842168063344,D
0fa89fbc-307a-48d5-adce-192556755c22,20.045086692215307,14.171659120447556,19.97119855586266,21.52505227391007,20.15423499930546,21.145597935421293,16.45368545083047,20.675095137802106,10.640536020712377,18.002462764865157,17.567616666448128,11.897774961156335,20.137157525152205,16.557064047846826,14.111290485101627,18.81159488649504,17.171427050699766,22.299015449412124,18.933814005818128,19.666941490543774,23.82981022062086,19.378620385368166,D
24a40289-96fd-4c1a-a953-45a46a0a0e9d,10.212062951293081,9.005585881335849,11.574055837207764,13.836745662961127,13.930249248378873,16.423070858696974,12.964185786285052,12.201772324330006,6.143489547113641,15.274803363127798,12.018066742059693,13.78605166373043,14.43847719038362,12.603413582243936,12.95229177175308,16.594232418689344,10.429042675773266,16.952688230308667,14.667776438775496,16.53778896578534,18.47028375880553,16.73114378173099,L
2aaf212f-000a-4a9d-8a4a-198fa94f491e,14.910722674333764,8.096563027158904,15.902072180335125,13.987429054904188,21.073128154417404,21.948949970352604,23.04963935563028,21.812136110979413,15.558647239557517,19.24896684396732,18.302319376600988,11.50479563282244,20.024421004054084,19.0334793741153,15.92862635163677,15.233998452680297,12.742412242933137,21.72128861228714,16.750559757068793,20.52964927825837,22.600763949272416,18.0133673674447,L
4f87e061-e773-48f2-84ba-32401396500e,20.171019712102144,15.764323337919325,13.476422694637037,20.985390872439076,20.975580676228933,20.875686544348323,21.33504596383272,20.467887452339408,14.108267675006584,19.683135852938317,17.756287853526022,12.63031773954021,17.470127064757115,17.80785793652631,15.381905632044218,18.276242164368412,14.509275228432635,22.385148728527707,18.69866810169568,19.970845671599754,23.40564151604952,18.994764390860652,D
a9c0f3a1-01eb-4f01-b58a-708b2960e685,18.558849276809575,13.386834314797825,18.0239251977822,20.257162608357,21.85611184058646,22.52997194714368,23.33757210197654,18.665877690200247,11.557527915697722,18.31464632720671,18.77360134966992,10.889780210560135,20.177142803460093,15.752171327887723,14.686455992587824,19.3185362052289,14.297208731648867,20.208494595829702,20.028595268652232,20.898026764689515,21.188562393767995,17.29815644310818,L
953359da-e535-48e6-97dc-1b4ccad6a671,17.778116083508582,11.789030753833291,16.29510417256919,21.36335158925076,20.785775242160447,20.520976275719946,17.190280389272736,19.32434452465267,10.172046917452716,17.421609700132276,16.890973241932706,11.39507014255373,18.66834168764599,16.280259388668696,15.087048545917575,19.052692637866105,15.206538281938169,19.484012576122723,17.817188203982628,20.10462203188009,21.220852868778824,17.119285829368167,HA
5494af7d-403a-423b-b7ff-e6db9c117e93,22.792343291072118,11.810390311735977,16.640667370050682,21.34922863772753,21.446360039911514,22.949595927323898,21.066518878706848,21.316184577978387,14.772116111160551,19.78110404414801,19.49662411767004,11.434351608454719,21.196923794405826,15.646377749837896,19.305826385714003,20.30788896102841,16.369006689452085,23.04913735462909,18.922705334273893,20.860681053189708,24.152952608662915,20.172076586832024,D
1422bc35-4597-4e76-aa75-8e79613e67d5,19.596740736258358,19.427631320150827,16.3644889400991,19.02710236873218,19.488548952580373,19.596652266754454,16.067194755804884,16.59282990683468,13.365670217605134,18.37093873005477,13.265931728934525,17.902679035995792,12.403270018189058,9.867766691909162,12.332122098835779,15.882601194262651,12.36346185453321,15.422046531695498,12.778958753559364,19.876106329864513,17.41279659731104,13.736578594037564,L
0a3c8161-4186-4c95-8288-9928d6db0355,19.729685145257438,12.540186410482432,14.487714568527561,21.423638431982486,19.174589204191847,21.139024892808358,18.20867875057219,20.019647516961186,13.6529990952956,16.25885142233652,16.685196908116687,11.765598330709755,17.889883784004073,16.7327231570204,17.408813015085762,18.622157205996732,17.471660550413024,21.251146714174702,19.591401695238194,20.193734931533392,22.082893600774085,18.271385709135433,COL
dd7bcdd8-1660-4dab-9860-9d136c4cee77,13.831273464784708,9.286473861702088,12.895585802071297,17.284394342920756,19.38951606161193,20.892285427664195,18.569508717148597,19.83685720305261,16.17993278945015,19.033368671055605,18.197345757506383,11.527106518865674,19.110537142857396,16.882450766916694,15.746951204981258,18.973886429992117,16.056756254160053,21.91430185310935,20.01119527399627,21.907853798793653,22.647729616395807,17.885681478932668,COL
959e1f13-360e-4e12-add5-bf9a376990d2,17.95997967800745,11.454136667823137,17.625617761190753,20.046786330943622,20.15011544088512,20.529758496383096,18.302656649491958,18.887362308115424,12.143450274611366,17.808669396520887,16.327582481253316,13.15871642474864,17.788380388935263,15.919808410164752,17.812767445648817,17.670229037219805,15.796593740143733,21.20839852851056,17.38322039646082,18.700417424634857,21.665469192113395,18.59826464748455,COL
ad220f0d-06b7-4dad-a87d-36dff31c8623,17.458417327676322,10.415438990007656,15.535635117129988,21.428985522065528,19.814722846879942,18.96692407022499,14.414377824097077,18.514727593597346,12.068699689022159,18.403315910841798,14.849085311461348,13.964298831483637,13.848330299053586,12.596619938777758,11.6228542333141,15.3691624623574,14.345898794380949,18.52390563047076,15.7774601479763,17.722016245014817,19.423599681264815,15.270121521044047,L
8e7d5615-5142-4d53-a460-2cafade1f690,21.006022594875194,17.125530665896605,19.031534150221955,22.87383109341974,22.17060364688423,21.12952859554494,20.8070257407749,21.133560601775965,12.863826872968252,18.086714494463838,18.685365712246302,8.888405056623053,19.380329652634458,18.90834606380977,17.877669560222294,18.790972707329658,20.313330368216718,20.73987974839581,19.990317359100942,21.53806685043725,21.466589610592937,17.340216938254976,HA
1521ac6d-31f7-4240-9d54-4f7600e78e16,18.820499477355902,9.715169130864334,17.405706973641557,20.96517132396538,19.561616071851365,22.309142103640212,16.90954048694759,18.4487897044961,13.088289258335168,20.408039478554794,14.182488498925597,17.011555769555073,16.32686359269967,9.764560207076704,12.228915614003046,21.102113105650027,17.37029157289468,19.38488631423462,16.071680945058638,22.480615156718528,20.129233500212084,14.688234044239685,L
b46b5a4c-59fc-4769-b05a-d15f9aaa753a,17.983695437711784,9.774001655079429,14.272082283058305,19.627127266619695,20.144639945696373,21.061797971264678,15.456967117415594,18.079992107075036,12.264421735576665,17.86813243030971,17.049877190097313,14.272432069710943,17.51847911479308,15.754805646035063,14.152818558136968,16.426010253430327,15.144991029620718,19.683045486746778,18.319004825131554,19.38854720875441,20.51157403639107,17.193971739553305,L
1f5494c4-e26c-4512-96d9-30412b5b32ce,20.03000611085992,18.226680509588775,17.2321436994748,21.833006299202278,21.13198264810959,21.559511402170802,21.927869730543126,19.53628260051886,16.222846205859124,17.374067278134063,18.33171492994792,10.967998756943457,17.041631995464183,17.424647267046826,18.358426679428835,18.158605230396866,16.82531888472742,20.42661569990562,20.05796052143742,19.847327852760415,21.186878593513228,17.692297455069234,HA
c60a4c63-607b-4d59-8625-bc5d20207647,11.399265398197475,12.823265488220718,12.99941802131333,14.7090366488429,14.956555353113197,16.16063442398931,13.435181199197856,14.961553547505972,10.437607197945393,14.246992919062643,12.95966797816492,13.586629841598034,14.469560435377153,10.934057109099303,11.076484421136946,14.685066471128938,10.216200337881965,15.26370605535366,12.975833280558682,16.047821473877658,17.529715712106487,13.352356710273668,L
f2313562-c894-486d-a9b6-ed362e12a32a,20.322506988597382,15.323863450169986,20.682018211171375,20.395482788470936,22.0474602376103,21.277229407541956,21.312682244532866,19.078659215537275,14.455425589074899,20.346154942354733,18.26542389702326,10.989403850635595,19.370947971261284,18.059607606578428,17.687714502824843,19.642429331840134,18.426182884206924,21.533781480752776,18.00193884288048,22.027202819008217,22.63344067370197,17.898791038477377,HA
a308a5ee-8ea1-47ee-823d-14736d74a925,18.914683701055722,13.799281921597602,13.286636142990266,23.643179161029234,20.576021188976387,21.333224636376265,18.326489714419804,20.479667888378632,10.937185587377678,17.164944520348044,19.225748984434997,10.78383293357576,20.01450412902985,18.85566910801636,14.775371618798696,16.112567182522337,13.47118692643463,21.822695778316042,19.07434958931891,22.27371441358859,23.208306428904258,18.675628175802746,COL
6a4e10b6-e6c4-4210-ae4d-0d8e8d0cb3ec,18.341127573069727,14.630362559230534,15.949026736789502,18.763301641897264,19.67253150078883,18.81502551575147,16.709572006614078,17.37180237516997,9.71199800535818,18.03157845880409,15.359589667666464,13.282944533884832,17.091874546218893,16.566639555388665,13.84563992030776,16.500025659907603,15.791660635285954,19.527057339978136,19.03360014709816,19.322212281294608,20.19232066058372,16.515894030405114,L
232073a1-2bf3-4539-a396-bde7836f9aeb,17.114045000104742,14.056711369461075,13.303253230445588,18.18106752742518,20.116708793614777,20.049288603523824,17.964237089814926,17.175276915334187,13.101505630845175,17.173925757807513,14.172355299240579,12.095710165454895,14.670174924149403,13.691064946389169,12.68148916498975,16.364071796423826,11.047208756621261,18.518885458540826,16.302930342094683,17.004956965445896,18.493001967278815,14.36422502195756,L
e4babd46-005a-4af3-8041-131648d9c2c6,17.11065269133995,12.893481020592947,15.797554008249143,17.97078478836692,18.50027808527092,20.398214519212335,15.511740793539472,18.5464944686939,12.885214038226643,18.86375462516482,16.171306447835395,12.614303856561973,16.624052878280615,14.19079961024437,13.193823865622996,17.370766448993336,13.624546238599274,21.29060888296986,18.352986828110907,19.02877766178686,22.452502723081697,19.63910917815824,D
869e61d6-fbbf-4ca2-be1a-57b82a03c7a1,18.8745332593999,13.481932830903265,17.50318736768006,22.684682846333285,21.39468552638597,22.029897906319423,23.863168635356654,19.45655290184553,14.033944124810287,17.41427187633872,18.13323961553699,8.505981285432373,20.480655783263646,17.070962417327355,20.993213843980477,18.26738292768072,15.330308636131452,20.01532509864102,18.46781208197087,20.45755050483107,20.737833286009252,17.355240066410037,L
1782bf45-7350-4053-8dd1-45faf4ed8dd9,19.96835932833425,13.882103321277889,15.381633165899762,22.1280197756905,21.375622314487632,20.28301684329387,15.691743905052896,18.836025754842833,12.320020305517485,16.724149548158987,17.252748134817942,10.869439997458759,19.79124386702679,12.707651302289248,12.23171295534089,16.382914126259465,14.229197555264925,20.160059760613798,17.23029752053012,19.654662122259637,21.64392904757437,18.982137523716307,HA
3264459c-adeb-486e-ab8f-274574441593,20.14302402846109,15.60392865666864,19.355405997863535,21.968589194130374,19.996902273575174,20.38132713880356,20.869506315037835,19.871953915078077,12.361088000720354,16.0874418893672,16.97912982273684,11.43533203325723,18.88536762434169,16.52101244077425,15.638777698581872,15.163819053029554,17.660382035793056,19.89139196467166,17.823626896019626,20.809584028377177,22.609690601826546,18.88955900675691,COL
68c0bc1b-3195-4ed6-8345-3ca53dfc54fc,18.63318148656932,12.352289855821283,15.93378649199061,18.382852081559523,18.427507784417518,20.487327627971645,14.417378194964046,19.887316251499744,12.943366149764325,16.744364085396466,16.45056526076474,13.425235983743372,15.895364082619032,15.735922288360538,13.491640824181083,18.229264819171455,15.592882593105204,20.026773908803214,18.16748364195499,18.978619317139025,22.7300534265157,18.826515475870597,L
45e48080-0b27-45f4-8149-1ae7e36c6933,18.417572589955476,12.58173889992855,14.12712524268503,21.407066175004157,21.03432080173778,21.36377862418839,18.644918567739257,19.62162211203971,14.567221965369274,16.82670883546521,19.07074647275474,11.790662697367427,17.847520223137224,17.810043760806163,15.445982630150775,18.200301015184195,16.489508901221665,19.756889087284268,18.12791716077063,19.978015458835255,20.222777973031086,16.82767379825978,L
9d449aa3-b740-4d5a-9aea-880b6f84cff4,19.92818658484342,18.057897801267785,15.154108891919474,21.533951354455258,22.172283862370367,20.994664266058567,16.35609191648346,18.21123790059077,11.854418876845779,16.846061907114017,18.552382632929664,10.839037362625024,19.897791923572246,13.940283073296417,13.576819455604637,16.266597588441122,13.934582323405126,20.89925166884348,16.788073787308544,17.84869028083809,21.54678722107596,18.16110790991066,COL
98f1d0eb-0977-4f53-a3b1-e6875a34c27b,16.57965095160349,14.81309595108705,13.133258786869892,23.88112142181894,21.382445275058803,21.19053920875351,18.010382858263313,20.414895147103685,10.736555948644295,18.23972644016628,16.847097999724436,11.600176373439291,21.54919615767342,15.298100888020045,14.447582957593534,18.043142526789676,12.870562605170067,21.110142601351782,17.44881143103566,19.93773760568832,22.031334796999587,17.731187706191808,COL
6c0ea771-ea86-4db6-994a-2372b2b8f536,18.166553560279148,12.582385123921815,13.93397966342634,20.558576959682764,19.197300292468693,21.559102326908082,15.49035895579963,20.09242263899274,10.643667508091317,17.404143628734637,16.127279459604953,11.348365425507522,17.30365196814722,16.33145035973053,15.34667506871151,19.19499490462364,16.31109127209599,21.875589642843035,18.044944842989736,19.09592075288445,22.5148534808554,17.781253963426177,COL
507a4e05-d5ab-4dbb-9b4f-76b1a21b79dd,18.994837463762423,12.555973731264174,17.115830556828495,20.258366332282545,19.727057749355883,20.359830736203907,22.11577921597678,17.967173065225968,12.371949302153418,20.1326197382408,16.035752316050054,12.796606388430476,16.2317215642081,16.57713825467025,16.43709128005338,17.050961161399783,14.466764418630582,21.00099594513396,17.152250171966323,19.214824334881094,21.772652752938765,17.976755991613757,D
ce9e0431-19a1-4ea9-85b0-44a9e9792e03,19.40652535551212,14.679707904530462,17.967039347848264,21.011339258645364,20.368754710264227,21.285544311414014,16.301400493520855,20.756664130363713,11.675317687842242,19.248684921688486,16.37120792396357,9.218860813443701,19.42118128321585,16.613821016838248,14.185461596920062,19.6704442684654,18.011294647326025,22.436600570574292,19.840300668122783,20.6988090051959,23.254003779705187,20.125276665704153,D
70797499-16e6-48cc-8ae4-1e692713dad3,22.42741653621714,15.28919525193025,16.907352331904058,22.41698900395263,21.52370518544486,24.23234943993315,23.711373843051035,20.843913437059594,16.218814715986973,20.525372471957677,19.931012351221877,10.448270499922822,20.956098065580754,18.04662776901674,15.329010546737933,20.906700656120783,18.447801787502964,22.441753964994327,19.793645293472228,23.13147021303416,23.197722963329632,19.39804151800245,D
0b4443a0-087d-47e7-9e67-795eac6750c3,20.847590042091653,15.579997040325953,20.78618789145241,20.90183962004855,21.89130752054769,21.90625566489913,17.960329097124784,19.99871284121013,16.62434388503414,19.830529125799195,18.87782356871065,10.455765487454629,18.117485071386536,17.004540727702608,16.094414388411515,20.289758140890548,15.019518271002116,21.236121363374387,18.775440926799728,20.97851192870566,22.56958839934195,19.053702975389825,HA
f89d429f-4747-468b-b894-89583bd8ab02,15.64897470776175,11.342961964262187,14.507799184129752,19.36422462926323,19.126633813864586,18.54775592147911,16.972756767574467,21.07090117005786,11.610148646981202,18.56015723370085,16.20679874362877,13.288851355862397,17.779605408169825,14.742850287556669,15.579174471873303,17.18083710792185,14.399548541879252,20.768634578283123,17.72059811849137,18.70696697989104,23.48118200353733,19.41929902577273,COL
23908554-b98e-4ff8-98e7-dee3e2c5feaf,19.979785420096878,12.407187615546865,17.06793569083026,22.003419382827772,20.45323326950712,20.245647388679874,17.574529781232357,20.58497422020428,14.730446323338139,18.340839000434638,17.349311692451074,10.95142171979595,18.642994781484475,16.742696710700667,14.60481162547828,18.661889093238205,16.981871652349145,20.1536793691198,19.155325256896514,20.183692193800916,21.578364578707742,17.452724168999012,L
f852de27-b600-44a4-ab30-d74108dfc2e9,14.623221928690615,18.294144419868633,12.498178734578273,9.681510768715683,19.13855861351485,22.001121769313375,18.491773770604453,19.389399178403977,17.05909886048034,20.18419897475251,15.554880315907026,11.682953092369146,14.825306838424801,14.20734135195339,14.449304337546776,15.385461045563174,11.702090400405467,20.030189820245607,18.6801241080352,19.769873436586582,21.131247648574607,17.158792922119908,HA
4387a2c2-8007-4735-a48c-34a2b476018e,17.407868558100713,12.600597927179162,14.314016218960814,16.66929242218119,18.37458238172573,18.49801548816185,13.722477990813044,17.268502064037452,11.628877101782518,16.97169502298363,15.05275748806632,13.691435654694397,15.178437572136819,13.877399499491787,14.840005773951594,16.44657053853887,11.842352552393528,19.982694508074967,16.773324804492425,17.311937341216733,21.112321405937156,18.82058938298121,L
a8c3e333-865d-4060-8ce4-453aa6f9f0e8,19.232054038997614,13.494618141202189,17.077232279392348,19.974027670684773,21.410621600624932,22.964969235420657,17.972541902946645,20.27300065062872,15.288268407805147,17.75050809134822,18.90657178770018,10.997564036961041,19.946045401681918,18.753193649306354,16.921212675254484,20.59265474907671,12.79705953467713,21.884260108802398,20.19046395974775,21.405790567299146,22.874765131052772,18.234483878283594,D
ff8dac97-42ff-4f48-81c4-50315ad8de58,16.119180561999297,15.735095325414333,17.08043396362717,22.23639274453881,20.997413968786688,21.976532252662484,25.168860174281374,18.768934959257702,16.830408670727326,21.26161084348715,17.840697213491588,12.334470983852105,19.014998261794524,17.582885781891562,20.523464188660338,21.123254863343135,14.05150432137594,20.188771719696454,17.754171795272512,20.51316357487534,20.80299629708237,15.810665763794027,HA
02ef2e1a-5afe-4c00-a3ea-7f4a153f1da4,20.66615552671854,15.739743581891831,17.452697424564704,21.34790854686879,20.357673498565106,23.40325047251284,19.0147521438776,20.375428860262463,14.618948221534673,19.29094847423063,19.02790508895818,10.908870971707186,18.66078458222706,17.5306717329473,14.152543994415648,17.074257845157295,13.57582368998646,21.58619778714929,19.01748956032132,20.448180526967814,23.686127899184353,19.82876373647462,D
382b279f-87e1-4dbc-a2ca-c1dfde1cf254,19.05375891508119,12.323222150567938,13.11080939574485,22.19102421817138,20.401229336575646,19.36500105132588,15.864459503292725,18.794794102512366,12.124090829067354,18.491472003314975,17.171441814445227,12.192295945121774,17.586188458172206,16.393500593253744,14.469236849208947,20.07700220229234,16.214720481271318,19.344803507468924,19.015064764253598,18.54711674941915,21.1535740575465,19.085066256744426,COL
9a2db69e-d429-45d4-89ca-a2c4e0cfc116,19.12789787076563,13.774973860889778,17.303300775740123,19.32025779478704,20.390735245689545,21.740426730528547,17.341389230739455,18.846581800563694,15.301697505214308,18.25324812745788,18.199368159992076,11.975723726886441,19.4038177240751,17.6580269275858,16.895523893299984,20.45077909282683,16.56652465299701,20.770300543400506,18.506456755773808,21.901716278948598,22.264227359747665,17.060931370028,HA
0b4b50c7-aa0b-4a64-807b-d3cb47eeeb6f,21.168506136656696,15.922526022066526,18.11498036748629,20.829255685968246,20.821489764334373,23.08497267801656,22.891212261033456,20.542622368336474,14.105618461605324,19.76676239509457,18.32413254944367,8.180165104535991,20.888452039791865,16.941431824411666,19.970515248321632,20.01331135428637,17.131100032847193,21.368459905421886,18.890819707227354,21.75322270068043,23.0664535839117,18.047578368608708,D
01775b06-5836-469c-8537-120cb8cc94e9,17.51098010263719,9.845071414046684,14.521794260572385,16.391233004144148,19.10052373772991,20.534238057212608,17.131290525964868,17.781965852892718,12.849972948308292,18.466499557659766,16.914426796182482,13.867582087255592,15.001752928511419,14.862972204128589,14.693802144898678,16.990680771017292,10.608797939361345,20.067467726540688,17.008788252114368,18.111220848361693,21.506749844018138,18.451603816969293,COL
ab449860-46e5-485e-abd5-31c5abef2c58,13.229725680517456,12.53421052984584,14.819987554112886,21.293656925383832,21.12074857447634,20.433817786505884,17.58962909858287,18.943981388471112,15.920041709064552,21.47846474655053,19.1019090061696,9.062247406562651,20.682391536407337,14.814645897643887,12.478101404655247,18.67480629625926,17.28763482139837,21.40708310704569,16.18678555026079,22.236557440206095,23.157016460298404,18.586863707957882,L
1fe937f7-b4e5-4cf6-be9b-215a012533c6,16.66077177349717,9.786591771819861,18.92347029975304,16.28605395679131,18.43112947685214,20.22773310804156,16.221629720711597,17.4212400596025,10.87869174798155,19.914342899592064,16.632847355784534,13.562556161975753,13.178841096369425,13.321409675196461,12.759769873596108,17.28743192820015,12.362051659698507,19.417092151813694,16.792029145463502,18.022539030920427,20.6407452149563,18.095940073059857,COL
40d9b9f7-42b7-4cfd-af95-660777ad0529,20.7386416821138,11.041170518563922,19.14139323724387,20.536765064867446,20.838794891893055,22.06329295767263,24.03755608607,21.489346500320877,16.456361584471388,20.238758323372135,17.40923349789335,10.080169314562411,19.80647140636662,15.387019002148737,16.022522551787088,19.57199640152961,18.77935740180177,21.020908397742847,18.959008469212648,21.569073465577965,21.3365170796793,17.62956036667749,HA
4a60e87e-6bc1-4ae0-9ccb-4cdc3e99c608,20.94875024066279,18.444676722605568,18.584077394649235,23.042418399009403,21.2479857638038,19.880161374907974,20.160950422574295,20.217101816529887,14.022798244408381,18.717725240951193,18.207318352801828,10.041250325267194,21.365633792985342,17.011644537554695,15.592813609464889,20.431433235630656,15.452180535069568,20.039680465932047,19.254647579417302,19.931631075271884,20.860016086896746,18.347187340520982,HA
94cd2278-7c76-423b-a44b-564776211a07,19.93144906107514,12.283450570346599,15.869478897601875,21.661731430318447,22.05158527706874,21.72961184796327,19.20850845770811,18.490392498904292,13.771851483202026,19.126596502580817,17.470812229534694,12.237560468756051,18.223683482989163,16.184269458513576,13.975342561735575,16.019523433484384,14.824145040062417,19.522597668012956,18.404235736899384,20.818188769323765,20.237490559868547,17.09978796291052,L
1db061c0-9b28-4bf9-8ad2-0383c69b6800,20.015843388649294,14.612307976257927,19.59951508268457,23.813356891220614,21.40980302848861,21.846303224595854,17.504203600120118,19.775337997557326,11.220744253907517,17.298447601669025,16.523245315531188,11.300809525169901,18.712623946216688,16.364313141844967,15.977191073483922,16.901746495222824,15.806487634755396,20.571441182730485,19.133530362404105,19.796580788030536,20.729054495680874,17.466711504595818,HA
74aa6675-28b7-46dc-9015-f07a07c7b018,19.868993166998948,13.206683719465966,14.989994499394513,22.77606080949383,22.526131523489184,20.818401492052033,17.067205955073025,17.5899125341684,10.6462430851015,17.80630395516048,17.881993752316266,10.626772682815448,20.530345958760112,12.378246665670217,15.127055462067247,16.036795463007838,14.369341112452028,16.93412329039574,18.750815990275665,20.393069751623024,18.23105880124725,14.907531135074898,L
afe89625-b355-454d-8c0b-b4161edd69f8,19.829141792731523,13.731430722389826,16.933399547281176,22.289633155396217,20.182107700508347,21.678126693922525,22.62435111150279,19.609976428893766,13.877327178920398,17.274329854206222,18.64149051851467,11.366039263303014,20.51009686827303,17.157482626167287,18.037338453934627,21.70091223397247,17.786581067886516,19.98249392541292,17.52701597131525,21.282536839178015,22.61110780724823,18.87362290699653,D
2ad10199-1381-42b7-b54f-da34c1b1d3c0,20.772140816278917,13.373535781931873,19.679160401493952,20.667225184353736,21.78960247623439,20.91144132857402,17.600722240256694,18.557697059539645,11.251049763125597,17.571304688314473,17.806965699118035,11.853803618774819,18.57869373595746,12.377208557832578,14.082572064264706,17.246612620664767,15.448222293888092,19.31023462450771,18.536691394931236,19.435490668208224,21.126392634020174,16.826570526814134,L
53c94a86-1b4d-4833-a169-d990c460b301,19.631480266458883,12.923138501396071,15.883186983723927,23.359115445102308,21.882431061961608,20.347833012524738,17.627981814101574,18.213680378831626,10.914200778844803,18.367442689741686,18.608535977672396,12.00794098700422,20.224669849561014,16.82439949331534,14.993650593425691,16.382502021804676,17.237656699639277,17.299864194044186,17.7916895673551,20.225742312190768,18.423864145989707,15.379743651921922,L
a5748656-5330-417a-8938-01f69ddb3576,18.606395956948575,17.243799685075988,16.343330936570947,19.871362373252676,20.923779904703316,21.804259682426505,20.34989669493646,20.018141584101006,15.084437310202052,17.409211055941974,17.746619144453078,12.272814392501893,18.224702358676968,16.575988421946217,14.162599578927036,18.894812978085994,14.84880384857481,20.890501600643343,18.412445685429027,20.221535249584914,22.310452274763367,17.7106469277523,COL
2e0701e1-e16f-457f-b939-7b1128f4a58b,21.464330936191317,17.54096232938921,19.266514018747348,22.884909598811827,21.8492392876102,20.59545241245035,20.239842012084075,19.769376680521308,11.920339915942108,19.097901364513312,16.459859905300853,11.169358349579745,21.92394120879743,17.363350568132425,15.111012775925536,21.14869036617962,13.73976677338615,20.250854598670795,20.557555093188185,21.194374903822098,20.953068086558464,17.57383228788335,HA
1756244e-13bc-4ed7-8b91-005608803d91,17.989064290649875,11.781667427850149,14.194859158245825,20.47610360422736,19.740208804804166,19.544312806334265,15.95624491457137,19.144503740249128,10.697178672293408,18.683153125137412,16.69304182303647,12.598273802507734,19.632812948858906,16.792549541760646,15.880376411711389,19.73562942132458,15.56991896678388,20.70559476538847,19.261750851049626,19.501059573400983,21.663154922498766,17.62106883847854,L
a4569ce7-dde7-4660-a24c-409d294b2b8c,13.044846430825045,11.483452854032024,12.821876816027139,12.901831110317971,13.824856015592715,12.768007037434776,20.217480710341626,15.90623170689211,14.319151516696433,18.650679010546884,14.644184673338586,8.130134227253386,15.314103670929203,13.334298250867397,13.189844415116921,19.591610487032792,7.75970472352804,21.97936032329565,19.50457753383243,17.9943549310961,22.208506037143035,15.790576114151595,COL
d47e214d-efbc-436d-b928-303d1f5135c4,19.84509331333263,14.459227262140224,17.586166820759953,20.183326964533574,21.580623024563906,20.349132765670095,17.03815235157011,18.374779071402926,12.532360672529466,20.2515782645803,17.55382574710987,10.626100880694501,16.40903568448727,16.925062658845615,17.291237671833425,18.10205793106561,17.391747015294285,22.193910717339296,17.882786733949626,18.555019155854193,23.01953207745087,18.91590220473221,D
5bfe94ed-88b9-44ce-8bbd-1285ab9678a4,18.925773356683354,13.368260318565206,13.673146165785397,22.34851455379615,20.475668506843586,20.536719860070896,19.559609950430666,20.94419093084285,11.831934145524697,16.993621610586047,17.862030484916502,10.63787204270301,20.158547234050427,14.220051434897993,15.530932361161788,17.219391558930962,13.38921150226218,21.24235984316331,17.49775568489767,19.484256230472745,23.618224240777952,19.663838899095655,COL
517e0f20-56cc-470e-8c5f-543efa10cfb5,15.794875687863668,14.580432308105715,18.278687318079427,22.324842819317805,22.164305208601004,22.533175305941256,16.611573315326474,18.68822363514936,12.133373473157427,20.693083171305794,16.781015061761806,9.608203848676423,18.00584849658824,13.01091355166975,14.39038006101218,17.930642152395876,16.643447677236157,21.95702164899388,19.212450189973676,22.054306622133414,22.827028622250634,19.132873772883656,D
3e09fd70-6464-42f6-96a6-b51d7c298fc5,17.547493185327475,14.443597968988316,14.32575928369446,19.87511406242766,20.440428992518104,21.68094415238112,18.065476389735316,18.44401073545088,13.780680441177735,16.142288040319734,16.024888100860725,11.642637177496253,17.741401655003507,16.217651510146773,16.260125036755362,17.605012257446432,16.41910723411392,20.20239289101419,17.729075531256317,18.782063008945258,20.8438438444817,17.7343455495561,L
5971a597-1e16-4f6d-8d7b-0e69c6bdcead,18.312518521429276,16.884774248271178,17.905316948439147,20.330290648164635,18.910562754971053,18.889610321932643,17.0032773610436,18.072548150507103,10.99760589208569,16.43433271620662,18.192683282752963,13.080307828797364,17.3273589535158,15.22820363276349,13.56433332952969,18.09079675904894,15.548472308986856,20.365406450268182,15.941364625218057,18.237225125931186,21.990633409322562,17.06179168969938,COL
c70621cc-c8e1-441d-93ec-bd6922cc7f61,21.001611914410034,14.551888972179526,21.54192695253008,21.130876579602273,21.270845065695664,20.74354901842369,16.320536821006463,18.852554948874563,13.583328487680943,17.838980092731333,17.345390977171043,8.970301357723624,17.119081372940297,13.150618639383854,14.917536816333714,14.677547229925915,12.237945691179164,18.471879800144222,16.87968524599197,18.619023223797956,20.141067304250637,17.407374379904073,L
459028fd-0cd8-4e6d-a668-71fd60bd0a37,15.224020105289823,11.49794596292253,14.78310911793325,19.961023315852596,17.26637921122756,20.08969860907079,14.656466276617724,18.68290515049069,10.186864797494223,15.59387943117866,15.115966878515211,12.824925521882015,16.366693242754987,15.482138773226804,14.541949054694646,16.870894731516998,12.199682119129628,21.45424350754213,16.629513220128562,17.198310773188656,21.978693593941205,17.28881524908333,L
565ee830-5236-4414-aeaa-48ea7eb3b753,17.6388268033086,13.294282821912141,16.34884357445189,19.31165663795091,18.371020998504708,18.908577331022954,17.35527674707683,18.676318781333656,9.506187069128073,18.558429314149226,16.113977723378493,13.135980177529033,15.868288908255495,14.421790588033174,14.273169118069648,17.33643774399358,16.271156925201655,19.827645132082285,16.44230636007395,17.95428693565092,22.116925403875587,18.60407507887438,COL
02dbd5fa-e31f-4486-8df8-5b851f2e92bd,18.873754842527116,13.316389498239273,15.747799086575618,20.794522149951344,21.44361870137961,20.982098855148504,17.568720606246814,19.835611671522397,14.027573859693147,18.975410609756768,17.910248522337163,11.92475393990776,19.156297236903743,18.104025411413772,14.127658763602803,19.592385754294728,18.100883424600095,20.970096704314912,19.581205986713098,20.8385037650643,23.034702805164155,20.142420753672283,HA
18960eb6-2d79-4d12-886a-4cd1e8fc1e21,16.383270671974334,11.027930216107068,18.3080546776183,19.48097587805076,19.340782625185536,18.962765588048004,17.034803231732845,16.429770797605723,9.771554942774927,17.956807565897257,16.61466026471009,13.035220152379488,17.48158008532168,14.138721836983748,13.430896268532024,16.03412110835261,13.312488904719888,18.470888820412053,15.760829060438008,17.824890849160347,19.555318784044868,16.398039333212118,L
47cb93bc-8f6b-4b2a-804c-bb4fc78df9e1,19.386664466676844,14.128120069752931,18.38927350656351,21.702152537710866,19.994692317693026,20.93837496653155,15.758414310039011,18.968122876014558,12.17986709177679,17.536740608207438,17.41620358705203,12.865949331024474,18.573156808657703,15.059941549577722,14.666741221528447,17.684508044551645,14.46295196484374,20.49836731402592,18.25796778558548,20.423637767770444,22.367838140899224,18.09574473791459,COL
fe699c36-82ef-45dd-b636-8c18a9ef6c76,16.646219546815775,10.813660988809712,13.845423612572901,22.6073890335568,21.277965382760183,21.418801530499056,18.423386885172423,20.778361861848587,11.159160073996793,18.322829263324163,18.28919389330809,8.46034236203098,19.658365896264073,16.432473714849404,16.253406890508508,16.91633099617298,17.572972836175648,20.22505848155597,17.707646377949047,19.825957878301935,23.280332262470697,19.115528078171756,COL
9246c642-3231-4137-a24b-3efae151b655,19.03376547725767,12.983732382054779,16.268819286701337,20.48957347958493,18.551625255594455,19.620667755687965,15.514529313753066,17.813880727066174,12.078567325939233,16.331845409015727,15.999966919085292,13.257196431688635,17.83166119038025,15.909134740992723,13.514352683765921,17.77067056048846,17.229878600196677,19.418859149290537,17.279935406500837,18.58899608937175,21.337122064196464,17.26431537775208,COL
6f777943-ffcb-46d9-872d-514559dee00d,21.44607459770349,15.362199457895782,19.388246458012695,20.3348144033319,21.46576903772574,21.15585436803534,16.430549750464493,20.697430491232517,13.422500305550257,16.884422839683502,19.390668032742617,10.841202668691771,16.304136826168413,15.844150136744316,14.892401356699635,20.271083188217382,17.911642332576974,22.76795138593113,17.335188654208014,20.563163878949,24.200957092912113,20.162038560324863,D
5f9a5aba-8db8-45cc-8784-c5058445bd6f,17.415382579300303,11.324241492394169,19.526844665290337,20.60037162249701,18.82799847786181,19.507734863158113,14.842268805954006,18.88229477564214,12.64048239942999,19.56695746803453,15.462739892328358,12.137680587975032,14.782223782403507,11.636666974439706,12.376656823981842,17.635814170644164,14.948231274201436,19.62667845494417,15.11809319966349,17.599271680494322,19.33718887228523,16.57387675178063,L
5750a6ed-2516-456d-97d4-2f6486845ed8,17.527871385279273,16.08928095419902,14.245286914180804,22.24405228124148,20.473250674260324,20.142838347651562,16.253706597647167,17.59956218040157,11.599355469641637,17.387982630598334,16.430727089884535,10.486644800338842,18.59935556084285,18.350802467566783,17.482539890603398,19.442105413317517,19.21894811558013,17.886599512375405,16.426799889897293,20.421038875928062,19.82547663583344,16.887322305555468,L
5f468c25-73c3-49d5-ba12-50653dfe2c41,11.556697238334849,12.667769822761239,10.289333504177659,10.601948555259794,10.642543056906982,12.393162424692854,14.614308110432077,7.91704999129357,6.2510846368601,13.519901976617472,9.213718008469849,15.679656773140705,14.131034780852866,14.295971172711392,12.137889373500236,16.450288741439724,8.366712764074643,16.587044539751858,12.515135756038264,17.065439629580567,16.774017136530556,12.941402582584251,L
9924e309-5c47-42fe-b937-547f2b3d6842,11.98429249724887,13.735412984935424,12.158658379994428,14.384764437819786,16.95537208730976,20.33510129351155,16.002506296513214,19.20828384309623,9.950484511235272,16.01620998561919,16.02640310940404,12.354079981982046,19.00776190503188,17.878780209358155,15.233217924207679,17.11994127242454,11.181589855873014,21.04457194524721,17.059733903614802,17.21330000476923,22.046507013261486,16.875386739936097,L
69285f58-9b70-4262-acc0-8cf3d47540c3,19.220354019275547,12.689374910774912,17.056762951555683,19.515081636738728,19.25769005712105,20.90941122165868,16.75584979018426,20.14787995951917,11.938786891767679,19.37941482067615,16.543593687579673,10.621458502857193,17.39172689481625,14.929155090988587,16.29904581391244,19.00529735124153,14.052426465889203,22.085228163466496,17.71413554759452,18.529313560911383,23.60745068647396,19.365621770039137,D
27286a38-1035-4a22-9ebc-874df8c49026,17.727044333587713,11.635016140240124,15.420963027036379,22.630445506259292,20.076746921713045,22.316943717828714,17.60921290024029,19.10066325822719,12.85329322248268,21.809921470559836,18.12001506873263,11.61261439157242,20.013026098010542,15.724422895300835,17.506314627999306,18.430663048514432,14.565680277881324,20.137438578212024,19.998185036334668,20.94262589515786,21.163386283991308,17.342244669534303,D
c53d66d9-ad9a-417e-a441-df5bcf1ae13f,15.889152921561255,12.149671973373104,16.348826331828416,20.223647393705654,18.248078247670954,19.81908912636941,17.051616661461797,18.56235023626094,10.965647544263717,16.416138844146897,15.501444020510169,12.344789971287636,17.260635187530426,15.556816112673337,13.727907182962483,17.022010526600756,14.729247969722223,20.636824529181407,17.68956594418334,17.679239560047264,20.679861593207548,17.00658276660695,COL
